"RK010"	"RK020"	"RK020_F"	"RK030"	"RK030_F"	"RK040"	"RK040_F"	"RK050"	"RK050_F"	"RK060"	"RK060_F"	"RK070"	"RK070_F"	"RK080"	"RK080_F"
253370201	10	" 1"	120	" 1"	"3"	" 1"	"1"	" 1"	"4"	" 1"	4	" 1"	"3"	" 1"
253370202	8	" 1"	120	" 1"	"3"	" 1"	" "	"-1"	"4"	" 1"	2	" 1"	"3"	" 1"
254320101	4	" 1"	210	" 1"	"1"	" 1"	"1"	" 1"	"3"	" 1"	4	" 1"	"3"	" 1"
255030101	10	" 1"	NA	"-1"	"2"	" 1"	"3"	" 1"	"7"	" 1"	0	" 1"	"3"	" 1"
257960301	16	" 1"	15	" 1"	"1"	" 1"	"1"	" 1"	"1"	" 1"	4	" 1"	"1"	" 1"
259500201	15	" 1"	NA	"-1"	"2"	" 1"	"1"	" 1"	"6"	" 1"	0	" 1"	"4"	" 1"
260520101	17	" 1"	250	" 1"	"2"	" 1"	"1"	" 1"	"7"	" 1"	7	" 1"	"1"	" 1"
261050301	16	" 1"	30	" 1"	"2"	" 1"	"1"	" 1"	"5"	" 1"	0	" 1"	"1"	" 1"
261780101	8	" 1"	240	" 1"	"2"	" 1"	"1"	" 1"	"4"	" 1"	6	" 1"	"1"	" 1"
261780102	4	" 1"	NA	"-1"	"1"	" 1"	"1"	" 1"	"1"	" 1"	30	" 1"	"3"	" 1"
262070101	4	" 1"	20	" 1"	"2"	" 1"	"1"	" 1"	"3"	" 1"	2	" 1"	"1"	" 1"
262070102	16	" 1"	20	" 1"	"1"	" 1"	"1"	" 1"	"3"	" 1"	2	" 1"	"1"	" 1"
262350201	11	" 1"	360	" 1"	"1"	" 1"	"1"	" 1"	"1"	" 1"	0	" 1"	"1"	" 1"
262740101	13	" 1"	30	" 1"	"3"	" 1"	"1"	" 1"	"4"	" 1"	0	" 1"	"4"	" 1"
262740102	10	" 1"	30	" 1"	"3"	" 1"	"1"	" 1"	"4"	" 1"	0	" 1"	"4"	" 1"
263070101	6	" 1"	NA	"-1"	"3"	" 1"	" "	"-1"	"2"	" 1"	0	" 1"	"1"	" 1"
263490101	8	" 1"	60	" 1"	"2"	" 1"	"1"	" 1"	"3"	" 1"	0	" 1"	"1"	" 1"
263710101	9	" 1"	NA	"-1"	"2"	" 1"	"1"	" 1"	"4"	" 1"	NA	"-1"	"3"	" 1"
264000101	8	" 1"	10	" 1"	"2"	" 1"	"1"	" 1"	"1"	" 1"	15	" 1"	"3"	" 1"
264000102	5	" 1"	10	" 1"	"2"	" 1"	"1"	" 1"	"1"	" 1"	15	" 1"	"3"	" 1"
264270301	10	" 1"	780	" 1"	"2"	" 1"	"2"	" 1"	"7"	" 1"	0	" 1"	"1"	" 1"
264270302	6	" 1"	780	" 1"	"2"	" 1"	"2"	" 1"	"7"	" 1"	0	" 1"	"1"	" 1"
264270303	3	" 1"	780	" 1"	"2"	" 1"	"2"	" 1"	"7"	" 1"	0	" 1"	"1"	" 1"
264740101	17	" 1"	30	" 1"	"1"	" 1"	"1"	" 1"	"3"	" 1"	8	" 1"	"3"	" 1"
264820101	15	" 1"	10	" 1"	"2"	" 1"	"1"	" 1"	"3"	" 1"	15	" 1"	"3"	" 1"
264820102	8	" 1"	10	" 1"	"2"	" 1"	"1"	" 1"	"3"	" 1"	15	" 1"	"3"	" 1"
265160201	NA	"-1"	NA	"-1"	"2"	" 1"	"3"	" 1"	"3"	" 1"	NA	"-1"	"3"	" 1"
265160202	NA	"-1"	NA	"-1"	"2"	" 1"	"3"	" 1"	"3"	" 1"	NA	"-1"	"3"	" 1"
266050101	16	" 1"	30	" 1"	"3"	" 1"	"1"	" 1"	"1"	" 1"	4	" 1"	"1"	" 1"
267300101	10	" 1"	5	" 1"	"2"	" 1"	"1"	" 1"	"3"	" 1"	4	" 1"	"1"	" 1"
267870201	12	" 1"	60	" 1"	"2"	" 1"	"1"	" 1"	"1"	" 1"	4	" 1"	"1"	" 1"
267870202	8	" 1"	60	" 1"	"2"	" 1"	"1"	" 1"	"1"	" 1"	4	" 1"	"1"	" 1"
268170101	15	" 1"	540	" 1"	"1"	" 1"	"2"	" 1"	"7"	" 1"	0	" 1"	"3"	" 1"
268170102	13	" 1"	540	" 1"	"1"	" 1"	"2"	" 1"	"7"	" 1"	0	" 1"	"3"	" 1"
268170201	15	" 1"	540	" 1"	"1"	" 1"	"2"	" 1"	"5"	" 1"	0	" 1"	"3"	" 1"
268170202	13	" 1"	540	" 1"	"1"	" 1"	"2"	" 1"	"5"	" 1"	0	" 1"	"3"	" 1"
268230101	NA	"-1"	NA	"-1"	"2"	" 1"	"2"	" 1"	"3"	" 1"	2	" 1"	"3"	" 1"
268270101	7	" 1"	360	" 1"	"1"	" 1"	"3"	" 1"	"7"	" 1"	0	" 1"	" "	"-1"
268270102	4	" 1"	360	" 1"	"1"	" 1"	"3"	" 1"	"7"	" 1"	0	" 1"	" "	"-1"
268310201	9	" 1"	NA	"-1"	"5"	" 1"	"3"	" 1"	"1"	" 1"	1	" 1"	"3"	" 1"
268430101	13	" 1"	150	" 1"	"3"	" 1"	"1"	" 1"	"1"	" 1"	2	" 1"	"1"	" 1"
268630201	13	" 1"	30	" 1"	"1"	" 1"	"1"	" 1"	"1"	" 1"	15	" 1"	"3"	" 1"
270370101	17	" 1"	990	" 1"	"1"	" 1"	"1"	" 1"	"7"	" 1"	0	" 1"	"4"	" 1"
270370201	17	" 1"	990	" 1"	"1"	" 1"	"1"	" 1"	"7"	" 1"	NA	"-1"	"4"	" 1"
270570101	17	" 1"	90	" 1"	"2"	" 1"	"2"	" 1"	"3"	" 1"	8	" 1"	"2"	" 1"
271420101	4	" 1"	NA	"-1"	"1"	" 1"	"3"	" 1"	"7"	" 1"	0	" 1"	"3"	" 1"
271530101	17	" 1"	20	" 1"	"1"	" 1"	"1"	" 1"	"3"	" 1"	6	" 1"	"1"	" 1"
275270201	10	" 1"	120	" 1"	"5"	" 1"	"1"	" 1"	"1"	" 1"	0	" 1"	"3"	" 1"
275530101	17	" 1"	50	" 1"	"3"	" 1"	"1"	" 1"	"4"	" 1"	4	" 1"	"3"	" 1"
273020101	9	" 1"	20	" 1"	"2"	" 1"	"1"	" 1"	"1"	" 1"	15	" 1"	"3"	" 1"
276010401	15	" 1"	900	" 1"	"1"	" 1"	"2"	" 1"	"7"	" 1"	0	" 1"	"1"	" 1"
276010402	7	" 1"	900	" 1"	"1"	" 1"	"2"	" 1"	"7"	" 1"	0	" 1"	"1"	" 1"
276150401	10	" 1"	660	" 1"	"1"	" 1"	"1"	" 1"	"7"	" 1"	0	" 1"	"1"	" 1"
276320301	14	" 1"	NA	"-1"	"1"	" 1"	"1"	" 1"	"4"	" 1"	7	" 1"	"3"	" 1"
276530101	12	" 1"	990	" 1"	"1"	" 1"	"2"	" 1"	"7"	" 1"	0	" 1"	"3"	" 1"
276530102	3	" 1"	990	" 1"	"1"	" 1"	"2"	" 1"	"7"	" 1"	0	" 1"	"3"	" 1"
276530103	6	" 1"	990	" 1"	"1"	" 1"	"2"	" 1"	"7"	" 1"	0	" 1"	"3"	" 1"
276530104	1	" 1"	990	" 1"	"2"	" 1"	"2"	" 1"	"7"	" 1"	0	" 1"	"3"	" 1"
276580101	NA	"-1"	35	" 1"	"6"	" 1"	"3"	" 1"	"7"	" 1"	0	" 1"	"1"	" 1"
278490101	14	" 1"	NA	"-1"	"6"	" 1"	"1"	" 1"	"7"	" 1"	NA	"-1"	"4"	" 1"
273120201	12	" 1"	180	" 1"	"1"	" 1"	"1"	" 1"	"4"	" 1"	10	" 1"	"3"	" 1"
273120202	13	" 1"	180	" 1"	"2"	" 1"	"1"	" 1"	"3"	" 1"	10	" 1"	"3"	" 1"
278610101	12	" 1"	NA	"-1"	"1"	" 1"	"3"	" 1"	"7"	" 1"	0	" 1"	"3"	" 1"
278610102	11	" 1"	NA	"-1"	"1"	" 1"	"3"	" 1"	"7"	" 1"	0	" 1"	"3"	" 1"
279100101	11	" 1"	NA	"-1"	"1"	" 1"	"3"	" 1"	"6"	" 1"	NA	"-1"	" "	"-1"
279140101	11	" 1"	20	" 1"	"2"	" 1"	"1"	" 1"	"3"	" 1"	10	" 1"	"3"	" 1"
279640101	17	" 1"	480	" 1"	"1"	" 1"	"1"	" 1"	"4"	" 1"	30	" 1"	"3"	" 1"
280450201	16	" 1"	180	" 1"	"6"	" 1"	"3"	" 1"	"7"	" 1"	0	" 1"	"3"	" 1"
280630201	10	" 1"	420	" 1"	"5"	" 1"	"2"	" 1"	"7"	" 1"	0	" 1"	"1"	" 1"
280630202	7	" 1"	420	" 1"	"5"	" 1"	"3"	" 1"	"6"	" 1"	0	" 1"	"1"	" 1"
281070201	17	" 1"	NA	"-1"	"2"	" 1"	"1"	" 1"	"6"	" 1"	NA	"-1"	"3"	" 1"
281070202	15	" 1"	NA	"-1"	"2"	" 1"	"1"	" 1"	"6"	" 1"	NA	"-1"	"3"	" 1"
281070301	17	" 1"	NA	"-1"	"2"	" 1"	"1"	" 1"	"6"	" 1"	NA	"-1"	"3"	" 1"
281070302	15	" 1"	NA	"-1"	"2"	" 1"	"1"	" 1"	"6"	" 1"	NA	"-1"	"3"	" 1"
281390201	4	" 1"	30	" 1"	"2"	" 1"	"1"	" 1"	"1"	" 1"	8	" 1"	"3"	" 1"
281880201	1	" 1"	470	" 1"	"1"	" 1"	"3"	" 1"	"7"	" 1"	0	" 1"	" "	"-1"
281880202	4	" 1"	470	" 1"	"1"	" 1"	"3"	" 1"	"7"	" 1"	0	" 1"	" "	"-1"
273370101	13	" 1"	5	" 1"	"1"	" 1"	"1"	" 1"	"1"	" 1"	4	" 1"	"3"	" 1"
273370102	10	" 1"	5	" 1"	"1"	" 1"	"1"	" 1"	"1"	" 1"	4	" 1"	"3"	" 1"
282570101	1	" 1"	7	" 1"	"1"	" 1"	"1"	" 1"	"1"	" 1"	1	" 1"	"3"	" 1"
277580101	NA	"-1"	NA	"-1"	"5"	" 1"	"3"	" 1"	"1"	" 1"	0	" 1"	"3"	" 1"
277580102	16	" 1"	NA	"-1"	"5"	" 1"	"3"	" 1"	"1"	" 1"	0	" 1"	"3"	" 1"
277580103	13	" 1"	NA	"-1"	"5"	" 1"	"3"	" 1"	"6"	" 1"	0	" 1"	"3"	" 1"
277580104	10	" 1"	NA	"-1"	"5"	" 1"	"3"	" 1"	"1"	" 1"	0	" 1"	"3"	" 1"
279790101	13	" 1"	10	" 1"	"6"	" 1"	"2"	" 1"	"4"	" 1"	8	" 1"	"1"	" 1"
274610101	17	" 1"	45	" 1"	"1"	" 1"	"1"	" 1"	"1"	" 1"	7	" 1"	"2"	" 1"
283200301	14	" 1"	720	" 1"	"1"	" 1"	"2"	" 1"	"1"	" 1"	0	" 1"	"1"	" 1"
136030101	17	" 1"	900	" 1"	"5"	" 1"	"1"	" 1"	"6"	" 1"	2	" 1"	"3"	" 1"
136590101	10	" 1"	30	" 1"	"1"	" 1"	"1"	" 1"	"3"	" 1"	6	" 1"	"1"	" 1"
136590102	9	" 1"	30	" 1"	"1"	" 1"	"1"	" 1"	"3"	" 1"	6	" 1"	"1"	" 1"
140440101	14	" 1"	NA	"-1"	"5"	" 1"	"3"	" 1"	"6"	" 1"	NA	"-1"	"2"	" 1"
140990101	17	" 1"	5	" 1"	"2"	" 1"	"3"	" 1"	"3"	" 1"	0	" 1"	"1"	" 1"
143860201	6	" 1"	990	" 1"	"1"	" 1"	"3"	" 1"	"1"	" 1"	0	" 1"	"3"	" 1"
144660201	15	" 1"	200	" 1"	"2"	" 1"	"3"	" 1"	"7"	" 1"	NA	"-1"	"1"	" 1"
144660202	13	" 1"	500	" 1"	"2"	" 1"	"3"	" 1"	"7"	" 1"	0	" 1"	"4"	" 1"
145060401	9	" 1"	60	" 1"	"1"	" 1"	"1"	" 1"	"3"	" 1"	26	" 1"	"1"	" 1"
145130101	13	" 1"	15	" 1"	"2"	" 1"	"3"	" 1"	"7"	" 1"	0	" 1"	"1"	" 1"
145130102	16	" 1"	15	" 1"	"2"	" 1"	"3"	" 1"	"7"	" 1"	0	" 1"	"1"	" 1"
145290201	14	" 1"	10	" 1"	"1"	" 1"	"1"	" 1"	"2"	" 1"	15	" 1"	"3"	" 1"
145370101	14	" 1"	120	" 1"	"1"	" 1"	"1"	" 1"	"4"	" 1"	2	" 1"	"3"	" 1"
145370201	7	" 1"	NA	"-1"	"3"	" 1"	"3"	" 1"	"7"	" 1"	0	" 1"	"3"	" 1"
145370202	12	" 1"	NA	"-1"	"3"	" 1"	"3"	" 1"	"7"	" 1"	0	" 1"	"3"	" 1"
148650201	11	" 1"	5	" 1"	"1"	" 1"	"1"	" 1"	"1"	" 1"	15	" 1"	"3"	" 1"
149260101	9	" 1"	40	" 1"	"5"	" 1"	"1"	" 1"	"6"	" 1"	0	" 1"	"1"	" 1"
150430301	14	" 1"	15	" 1"	"1"	" 1"	"2"	" 1"	"3"	" 1"	0	" 1"	"3"	" 1"
150430302	12	" 1"	15	" 1"	"1"	" 1"	"2"	" 1"	"3"	" 1"	0	" 1"	"3"	" 1"
151720101	6	" 1"	10	" 1"	"6"	" 1"	"1"	" 1"	"4"	" 1"	15	" 1"	"3"	" 1"
152370101	12	" 1"	30	" 1"	"1"	" 1"	"1"	" 1"	"3"	" 1"	4	" 1"	"1"	" 1"
152870101	10	" 1"	5	" 1"	"1"	" 1"	"1"	" 1"	"2"	" 1"	5	" 1"	"3"	" 1"
152980201	10	" 1"	20	" 1"	"2"	" 1"	"1"	" 1"	"4"	" 1"	2	" 1"	"1"	" 1"
160680101	8	" 1"	15	" 1"	"2"	" 1"	"1"	" 1"	"4"	" 1"	6	" 1"	"1"	" 1"
162540201	13	" 1"	5	" 1"	"1"	" 1"	"2"	" 1"	"1"	" 1"	4	" 1"	"1"	" 1"
162540202	12	" 1"	5	" 1"	"1"	" 1"	"2"	" 1"	"1"	" 1"	4	" 1"	"1"	" 1"
162740101	13	" 1"	80	" 1"	"2"	" 1"	"2"	" 1"	"1"	" 1"	4	" 1"	"1"	" 1"
162740102	5	" 1"	80	" 1"	"2"	" 1"	"2"	" 1"	"1"	" 1"	4	" 1"	"1"	" 1"
162950101	15	" 1"	5	" 1"	"1"	" 1"	"1"	" 1"	"1"	" 1"	5	" 1"	"1"	" 1"
170690101	15	" 1"	15	" 1"	"1"	" 1"	"1"	" 1"	"3"	" 1"	12	" 1"	"1"	" 1"
170690102	11	" 1"	15	" 1"	"1"	" 1"	"1"	" 1"	"3"	" 1"	12	" 1"	"1"	" 1"
170820101	17	" 1"	3	" 1"	"1"	" 1"	"1"	" 1"	"1"	" 1"	10	" 1"	"3"	" 1"
171330101	16	" 1"	10	" 1"	"3"	" 1"	"1"	" 1"	"4"	" 1"	0	" 1"	"1"	" 1"
171540101	11	" 1"	NA	"-1"	"2"	" 1"	"1"	" 1"	"1"	" 1"	4	" 1"	"1"	" 1"
171600101	14	" 1"	40	" 1"	"2"	" 1"	"1"	" 1"	"2"	" 1"	5	" 1"	"1"	" 1"
175770101	9	" 1"	35	" 1"	"1"	" 1"	"1"	" 1"	"3"	" 1"	5	" 1"	"3"	" 1"
175770102	7	" 1"	35	" 1"	"1"	" 1"	"1"	" 1"	"3"	" 1"	5	" 1"	"3"	" 1"
175770103	7	" 1"	35	" 1"	"1"	" 1"	"1"	" 1"	"3"	" 1"	5	" 1"	"3"	" 1"
175880101	12	" 1"	15	" 1"	"2"	" 1"	"1"	" 1"	"4"	" 1"	3	" 1"	"3"	" 1"
176820101	14	" 1"	NA	"-1"	"5"	" 1"	"1"	" 1"	"6"	" 1"	0	" 1"	"1"	" 1"
176820102	9	" 1"	NA	"-1"	"5"	" 1"	"1"	" 1"	"6"	" 1"	0	" 1"	"1"	" 1"
176820103	4	" 1"	NA	"-1"	"5"	" 1"	"1"	" 1"	"6"	" 1"	0	" 1"	"1"	" 1"
176940301	14	" 1"	25	" 1"	"2"	" 1"	"1"	" 1"	"1"	" 1"	4	" 1"	"1"	" 1"
177150101	10	" 1"	50	" 1"	"5"	" 1"	"1"	" 1"	"6"	" 1"	2	" 1"	"1"	" 1"
180100101	7	" 1"	10	" 1"	"1"	" 1"	"1"	" 1"	"3"	" 1"	10	" 1"	"1"	" 1"
180100102	11	" 1"	10	" 1"	"1"	" 1"	"1"	" 1"	"1"	" 1"	10	" 1"	"1"	" 1"
163740101	8	" 1"	20	" 1"	"1"	" 1"	"1"	" 1"	"1"	" 1"	12	" 1"	"3"	" 1"
188970101	17	" 1"	10	" 1"	"1"	" 1"	"1"	" 1"	"1"	" 1"	10	" 1"	"2"	" 1"
189080201	7	" 1"	NA	"-1"	"6"	" 1"	"3"	" 1"	"7"	" 1"	NA	"-1"	"1"	" 1"
208000201	12	" 1"	20	" 1"	"2"	" 1"	"1"	" 1"	"1"	" 1"	4	" 1"	"1"	" 1"
189600601	13	" 1"	NA	"-1"	"2"	" 1"	"3"	" 1"	"7"	" 1"	0	" 1"	"4"	" 1"
189600602	16	" 1"	NA	"-1"	"2"	" 1"	"3"	" 1"	"7"	" 1"	0	" 1"	"4"	" 1"
189650301	5	" 1"	15	" 1"	"1"	" 1"	"1"	" 1"	"3"	" 1"	15	" 1"	"3"	" 1"
189650302	2	" 1"	15	" 1"	"2"	" 1"	"1"	" 1"	"1"	" 1"	15	" 1"	"3"	" 1"
189810101	13	" 1"	NA	"-1"	"6"	" 1"	"1"	" 1"	"7"	" 1"	0	" 1"	"1"	" 1"
189810102	14	" 1"	NA	"-1"	"6"	" 1"	"1"	" 1"	"7"	" 1"	0	" 1"	"1"	" 1"
189810201	17	" 1"	10	" 1"	"1"	" 1"	"1"	" 1"	"3"	" 1"	NA	"-1"	"1"	" 1"
192690201	17	" 1"	50	" 1"	"1"	" 1"	"1"	" 1"	"4"	" 1"	4	" 1"	"2"	" 1"
193090301	7	" 1"	40	" 1"	"1"	" 1"	"1"	" 1"	"4"	" 1"	6	" 1"	"1"	" 1"
194160101	17	" 1"	10	" 1"	"2"	" 1"	"1"	" 1"	"4"	" 1"	5	" 1"	"1"	" 1"
195760201	4	" 1"	100	" 1"	"3"	" 1"	"3"	" 1"	"6"	" 1"	0	" 1"	"3"	" 1"
195760202	13	" 1"	300	" 1"	"3"	" 1"	"2"	" 1"	"6"	" 1"	0	" 1"	"3"	" 1"
195760401	14	" 1"	900	" 1"	"1"	" 1"	"3"	" 1"	"7"	" 1"	0	" 1"	"1"	" 1"
195870101	11	" 1"	NA	"-1"	"3"	" 1"	"2"	" 1"	"7"	" 1"	0	" 1"	"1"	" 1"
197630201	11	" 1"	20	" 1"	"3"	" 1"	"3"	" 1"	"4"	" 1"	0	" 1"	"1"	" 1"
205450201	14	" 1"	7	" 1"	"2"	" 1"	"1"	" 1"	"3"	" 1"	4	" 1"	"1"	" 1"
205670101	11	" 1"	20	" 1"	"1"	" 1"	"1"	" 1"	"4"	" 1"	4	" 1"	"3"	" 1"
205900101	13	" 1"	60	" 1"	"6"	" 1"	"2"	" 1"	"7"	" 1"	NA	"-1"	"1"	" 1"
205900102	6	" 1"	60	" 1"	"6"	" 1"	"2"	" 1"	"7"	" 1"	NA	"-1"	"1"	" 1"
206090301	9	" 1"	30	" 1"	"2"	" 1"	"1"	" 1"	"2"	" 1"	3	" 1"	"3"	" 1"
206090302	7	" 1"	30	" 1"	"2"	" 1"	"1"	" 1"	"2"	" 1"	3	" 1"	"3"	" 1"
206450101	12	" 1"	10	" 1"	"2"	" 1"	"1"	" 1"	"3"	" 1"	15	" 1"	"1"	" 1"
208380301	8	" 1"	NA	"-1"	"1"	" 1"	"3"	" 1"	"7"	" 1"	0	" 1"	"4"	" 1"
208380302	11	" 1"	NA	"-1"	"6"	" 1"	"3"	" 1"	"7"	" 1"	0	" 1"	"4"	" 1"
208700101	5	" 1"	15	" 1"	"6"	" 1"	"1"	" 1"	"1"	" 1"	4	" 1"	"1"	" 1"
208700102	3	" 1"	15	" 1"	"6"	" 1"	"1"	" 1"	"1"	" 1"	4	" 1"	"1"	" 1"
209530101	7	" 1"	NA	"-1"	"6"	" 1"	"3"	" 1"	"7"	" 1"	0	" 1"	"4"	" 1"
209530102	4	" 1"	NA	"-1"	"6"	" 1"	"3"	" 1"	"7"	" 1"	NA	"-1"	"4"	" 1"
209570101	13	" 1"	20	" 1"	"2"	" 1"	"1"	" 1"	"1"	" 1"	8	" 1"	"3"	" 1"
212780101	17	" 1"	10	" 1"	"1"	" 1"	"1"	" 1"	"3"	" 1"	15	" 1"	"3"	" 1"
214410201	4	" 1"	5	" 1"	"1"	" 1"	"3"	" 1"	"1"	" 1"	2	" 1"	"3"	" 1"
214410401	NA	"-1"	NA	"-1"	"1"	" 1"	"3"	" 1"	"7"	" 1"	0	" 1"	"1"	" 1"
214530101	17	" 1"	30	" 1"	"3"	" 1"	"3"	" 1"	"4"	" 1"	0	" 1"	"1"	" 1"
216600201	17	" 1"	45	" 1"	"1"	" 1"	"1"	" 1"	"3"	" 1"	4	" 1"	"1"	" 1"
218260101	15	" 1"	15	" 1"	"2"	" 1"	"1"	" 1"	"3"	" 1"	6	" 1"	"3"	" 1"
218680101	14	" 1"	NA	"-1"	"1"	" 1"	"1"	" 1"	"7"	" 1"	0	" 1"	"2"	" 1"
222570301	10	" 1"	30	" 1"	"1"	" 1"	"1"	" 1"	"4"	" 1"	14	" 1"	"1"	" 1"
228330301	7	" 1"	5	" 1"	"1"	" 1"	"2"	" 1"	"3"	" 1"	15	" 1"	"3"	" 1"
223080101	14	" 1"	5	" 1"	"1"	" 1"	"1"	" 1"	"1"	" 1"	0	" 1"	"1"	" 1"
223080102	14	" 1"	5	" 1"	"1"	" 1"	"1"	" 1"	"1"	" 1"	0	" 1"	"1"	" 1"
224020101	16	" 1"	45	" 1"	"2"	" 1"	"3"	" 1"	"4"	" 1"	3	" 1"	"1"	" 1"
226050101	13	" 1"	60	" 1"	"1"	" 1"	"2"	" 1"	"6"	" 1"	0	" 1"	"1"	" 1"
227310101	8	" 1"	90	" 1"	"2"	" 1"	"1"	" 1"	"1"	" 1"	0	" 1"	"1"	" 1"
227720101	13	" 1"	1	" 1"	"5"	" 1"	"1"	" 1"	"7"	" 1"	0	" 1"	"3"	" 1"
227720102	12	" 1"	1	" 1"	"5"	" 1"	"1"	" 1"	"7"	" 1"	0	" 1"	"3"	" 1"
227720103	12	" 1"	1	" 1"	"5"	" 1"	"1"	" 1"	"7"	" 1"	0	" 1"	"3"	" 1"
229220101	17	" 1"	90	" 1"	"5"	" 1"	"1"	" 1"	"7"	" 1"	0	" 1"	"1"	" 1"
230870101	14	" 1"	15	" 1"	"2"	" 1"	"1"	" 1"	"4"	" 1"	4	" 1"	"3"	" 1"
230940101	17	" 1"	15	" 1"	"2"	" 1"	"1"	" 1"	"4"	" 1"	0	" 1"	"1"	" 1"
231140101	17	" 1"	10	" 1"	"1"	" 1"	"1"	" 1"	"1"	" 1"	7	" 1"	"3"	" 1"
231390101	16	" 1"	90	" 1"	"1"	" 1"	"1"	" 1"	"1"	" 1"	2	" 1"	"3"	" 1"
231450101	5	" 1"	10	" 1"	"1"	" 1"	"1"	" 1"	"2"	" 1"	7	" 1"	"1"	" 1"
231770101	16	" 1"	2	" 1"	"2"	" 1"	"3"	" 1"	"3"	" 1"	0	" 1"	"1"	" 1"
232500301	12	" 1"	NA	"-1"	"6"	" 1"	"1"	" 1"	"7"	" 1"	0	" 1"	"1"	" 1"
234650301	14	" 1"	5	" 1"	"2"	" 1"	"1"	" 1"	"3"	" 1"	30	" 1"	"1"	" 1"
236260101	7	" 1"	10	" 1"	"4"	" 1"	"1"	" 1"	"3"	" 1"	14	" 1"	"3"	" 1"
237030101	16	" 1"	NA	"-1"	"6"	" 1"	"1"	" 1"	"7"	" 1"	0	" 1"	"1"	" 1"
239210101	15	" 1"	728	" 1"	"2"	" 1"	"1"	" 1"	"7"	" 1"	0	" 1"	"1"	" 1"
240400201	13	" 1"	30	" 1"	"2"	" 1"	"1"	" 1"	"3"	" 1"	4	" 1"	"1"	" 1"
240400202	15	" 1"	30	" 1"	"2"	" 1"	"1"	" 1"	"3"	" 1"	4	" 1"	"1"	" 1"
241020101	10	" 1"	NA	"-1"	"1"	" 1"	"1"	" 1"	"6"	" 1"	NA	"-1"	"4"	" 1"
243510201	11	" 1"	6	" 1"	"2"	" 1"	"1"	" 1"	"3"	" 1"	4	" 1"	"2"	" 1"
244360201	14	" 1"	10	" 1"	"2"	" 1"	"2"	" 1"	"1"	" 1"	4	" 1"	"1"	" 1"
244360202	12	" 1"	10	" 1"	"2"	" 1"	"2"	" 1"	"1"	" 1"	4	" 1"	"1"	" 1"
198580301	1	" 1"	10	" 1"	"1"	" 1"	"3"	" 1"	"1"	" 1"	0	" 1"	"3"	" 1"
244870101	12	" 1"	5	" 1"	"1"	" 1"	"1"	" 1"	"3"	" 1"	12	" 1"	"1"	" 1"
245410101	10	" 1"	60	" 1"	"1"	" 1"	"1"	" 1"	"1"	" 1"	6	" 1"	"1"	" 1"
245410102	6	" 1"	60	" 1"	"1"	" 1"	"1"	" 1"	"1"	" 1"	6	" 1"	"1"	" 1"
247480101	16	" 1"	NA	"-1"	"6"	" 1"	"3"	" 1"	"7"	" 1"	0	" 1"	"1"	" 1"
251190301	6	" 1"	NA	"-1"	"6"	" 1"	"3"	" 1"	"7"	" 1"	0	" 1"	"1"	" 1"
251270101	16	" 1"	180	" 1"	"1"	" 1"	"3"	" 1"	"3"	" 1"	0	" 1"	" "	"-1"
251270102	11	" 1"	180	" 1"	"1"	" 1"	"3"	" 1"	"3"	" 1"	0	" 1"	" "	"-1"
252050101	9	" 1"	7	" 1"	"2"	" 1"	"2"	" 1"	"6"	" 1"	0	" 1"	"3"	" 1"
252050102	7	" 1"	600	" 1"	"2"	" 1"	"2"	" 1"	"6"	" 1"	0	" 1"	"3"	" 1"
252130101	14	" 1"	60	" 1"	"1"	" 1"	"1"	" 1"	"5"	" 1"	3	" 1"	"3"	" 1"
252130102	13	" 1"	60	" 1"	"1"	" 1"	"1"	" 1"	"5"	" 1"	NA	"-1"	"3"	" 1"
252130103	11	" 1"	60	" 1"	"1"	" 1"	"1"	" 1"	"5"	" 1"	3	" 1"	"3"	" 1"
252130104	10	" 1"	60	" 1"	"1"	" 1"	"1"	" 1"	"5"	" 1"	3	" 1"	"3"	" 1"
252130105	8	" 1"	60	" 1"	"1"	" 1"	"1"	" 1"	"5"	" 1"	3	" 1"	"3"	" 1"
252200201	11	" 1"	990	" 1"	"1"	" 1"	"1"	" 1"	"1"	" 1"	0	" 1"	"1"	" 1"
163790101	9	" 1"	5	" 1"	"1"	" 1"	"1"	" 1"	"1"	" 1"	15	" 1"	"3"	" 1"
163790102	4	" 1"	5	" 1"	"1"	" 1"	"1"	" 1"	"1"	" 1"	15	" 1"	"3"	" 1"
169230101	6	" 1"	25	" 1"	"2"	" 1"	"1"	" 1"	"3"	" 1"	2	" 1"	"1"	" 1"
169230102	4	" 1"	25	" 1"	"2"	" 1"	"1"	" 1"	"3"	" 1"	2	" 1"	"1"	" 1"
235680101	16	" 1"	5	" 1"	"2"	" 1"	"2"	" 1"	"4"	" 1"	0	" 1"	"1"	" 1"
164650201	8	" 1"	5	" 1"	"5"	" 1"	"3"	" 1"	"7"	" 1"	0	" 1"	"1"	" 1"
165170101	8	" 1"	70	" 1"	"2"	" 1"	"2"	" 1"	"6"	" 1"	0	" 1"	"1"	" 1"
165170201	12	" 1"	NA	"-1"	"1"	" 1"	"3"	" 1"	"7"	" 1"	0	" 1"	"2"	" 1"
165200201	15	" 1"	NA	"-1"	"2"	" 1"	"1"	" 1"	"1"	" 1"	30	" 1"	"2"	" 1"
165250201	13	" 1"	480	" 1"	"3"	" 1"	"2"	" 1"	"2"	" 1"	0	" 1"	"1"	" 1"
165250202	10	" 1"	300	" 1"	"6"	" 1"	"2"	" 1"	"7"	" 1"	0	" 1"	"1"	" 1"
178580101	5	" 1"	300	" 1"	"2"	" 1"	"1"	" 1"	"1"	" 1"	12	" 1"	"3"	" 1"
185210201	11	" 1"	990	" 1"	"4"	" 1"	"1"	" 1"	"6"	" 1"	0	" 1"	"3"	" 1"
235890101	4	" 1"	15	" 1"	"3"	" 1"	"1"	" 1"	"1"	" 1"	15	" 1"	"1"	" 1"
236000401	15	" 1"	20	" 1"	"1"	" 1"	"1"	" 1"	"1"	" 1"	8	" 1"	"3"	" 1"
178780201	6	" 1"	540	" 1"	"1"	" 1"	"3"	" 1"	"5"	" 1"	0	" 1"	"1"	" 1"
250230101	12	" 1"	990	" 1"	"3"	" 1"	"3"	" 1"	"1"	" 1"	NA	"-1"	"1"	" 1"
250950101	15	" 1"	10	" 1"	"6"	" 1"	"1"	" 1"	"7"	" 1"	0	" 1"	"1"	" 1"
219440101	14	" 1"	30	" 1"	"2"	" 1"	"1"	" 1"	"3"	" 1"	6	" 1"	"1"	" 1"
219450101	9	" 1"	5	" 1"	"5"	" 1"	"1"	" 1"	"6"	" 1"	2	" 1"	"1"	" 1"
219490101	15	" 1"	20	" 1"	"3"	" 1"	"1"	" 1"	"6"	" 1"	1	" 1"	"1"	" 1"
221360101	3	" 1"	15	" 1"	"2"	" 1"	"1"	" 1"	"3"	" 1"	12	" 1"	"3"	" 1"
146140101	13	" 1"	5	" 1"	"6"	" 1"	"1"	" 1"	"7"	" 1"	15	" 1"	"1"	" 1"
146140102	5	" 1"	40	" 1"	"2"	" 1"	"1"	" 1"	"4"	" 1"	0	" 1"	"1"	" 1"
146870101	13	" 1"	10	" 1"	"6"	" 1"	"1"	" 1"	"1"	" 1"	15	" 1"	"3"	" 1"
147600201	11	" 1"	15	" 1"	"1"	" 1"	"1"	" 1"	"1"	" 1"	6	" 1"	"3"	" 1"
147600202	7	" 1"	15	" 1"	"1"	" 1"	"1"	" 1"	"1"	" 1"	6	" 1"	"3"	" 1"
229550101	11	" 1"	2	" 1"	"3"	" 1"	"1"	" 1"	"7"	" 1"	NA	"-1"	"1"	" 1"
229560101	15	" 1"	600	" 1"	"2"	" 1"	"1"	" 1"	"7"	" 1"	NA	"-1"	"3"	" 1"
229560102	13	" 1"	600	" 1"	"2"	" 1"	"1"	" 1"	"7"	" 1"	NA	"-1"	"3"	" 1"
229920101	9	" 1"	NA	"-1"	"1"	" 1"	"1"	" 1"	"1"	" 1"	7	" 1"	"3"	" 1"
224830101	10	" 1"	360	" 1"	"2"	" 1"	"3"	" 1"	"1"	" 1"	0	" 1"	"4"	" 1"
224830102	5	" 1"	360	" 1"	"2"	" 1"	"3"	" 1"	"1"	" 1"	0	" 1"	"4"	" 1"
230500101	17	" 1"	10	" 1"	"6"	" 1"	"1"	" 1"	"7"	" 1"	0	" 1"	"1"	" 1"
225370301	6	" 1"	15	" 1"	"1"	" 1"	"1"	" 1"	"3"	" 1"	4	" 1"	"1"	" 1"
232860101	10	" 1"	NA	"-1"	"1"	" 1"	"1"	" 1"	"6"	" 1"	15	" 1"	"4"	" 1"
232860102	8	" 1"	NA	"-1"	"5"	" 1"	"1"	" 1"	"1"	" 1"	NA	"-1"	"4"	" 1"
232880101	2	" 1"	10	" 1"	"3"	" 1"	"1"	" 1"	"5"	" 1"	4	" 1"	"1"	" 1"
234070101	14	" 1"	180	" 1"	"2"	" 1"	"1"	" 1"	"1"	" 1"	4	" 1"	"1"	" 1"
160030101	1	" 1"	5	" 1"	"1"	" 1"	"1"	" 1"	"2"	" 1"	0	" 1"	"1"	" 1"
186330301	6	" 1"	20	" 1"	"1"	" 1"	"1"	" 1"	"1"	" 1"	14	" 1"	"3"	" 1"
135300201	9	" 1"	480	" 1"	"2"	" 1"	"1"	" 1"	"6"	" 1"	0	" 1"	"1"	" 1"
135360101	17	" 1"	NA	"-1"	"2"	" 1"	"3"	" 1"	"7"	" 1"	0	" 1"	"1"	" 1"
168400101	14	" 1"	240	" 1"	"6"	" 1"	"1"	" 1"	"4"	" 1"	4	" 1"	"1"	" 1"
168400102	12	" 1"	240	" 1"	"1"	" 1"	"1"	" 1"	"1"	" 1"	0	" 1"	"1"	" 1"
168400103	10	" 1"	240	" 1"	"6"	" 1"	"1"	" 1"	"1"	" 1"	0	" 1"	"1"	" 1"
168400104	10	" 1"	240	" 1"	"6"	" 1"	"1"	" 1"	"1"	" 1"	0	" 1"	"1"	" 1"
153350101	8	" 1"	20	" 1"	"2"	" 1"	"1"	" 1"	"3"	" 1"	8	" 1"	"3"	" 1"
153910301	3	" 1"	600	" 1"	"2"	" 1"	"3"	" 1"	"7"	" 1"	0	" 1"	"1"	" 1"
154760601	12	" 1"	NA	"-1"	"1"	" 1"	"3"	" 1"	"7"	" 1"	0	" 1"	"1"	" 1"
154760602	8	" 1"	NA	"-1"	"1"	" 1"	"3"	" 1"	"7"	" 1"	0	" 1"	"1"	" 1"
154920101	11	" 1"	NA	"-1"	"1"	" 1"	"3"	" 1"	"7"	" 1"	0	" 1"	"1"	" 1"
155150101	15	" 1"	15	" 1"	"1"	" 1"	"1"	" 1"	"3"	" 1"	5	" 1"	"1"	" 1"
156680101	10	" 1"	30	" 1"	"1"	" 1"	"1"	" 1"	"3"	" 1"	8	" 1"	"1"	" 1"
156810101	14	" 1"	10	" 1"	"1"	" 1"	"1"	" 1"	"2"	" 1"	13	" 1"	"1"	" 1"
157020101	14	" 1"	25	" 1"	"5"	" 1"	"3"	" 1"	"1"	" 1"	0	" 1"	"1"	" 1"
157260101	7	" 1"	690	" 1"	"1"	" 1"	"1"	" 1"	"7"	" 1"	0	" 1"	"4"	" 1"
157260201	13	" 1"	690	" 1"	"1"	" 1"	"3"	" 1"	"7"	" 1"	0	" 1"	"1"	" 1"
157260202	5	" 1"	690	" 1"	"1"	" 1"	"3"	" 1"	"7"	" 1"	0	" 1"	"1"	" 1"
157260203	4	" 1"	690	" 1"	"1"	" 1"	"3"	" 1"	"7"	" 1"	0	" 1"	"1"	" 1"
157350101	13	" 1"	25	" 1"	"2"	" 1"	"1"	" 1"	"4"	" 1"	4	" 1"	"1"	" 1"
157520101	15	" 1"	NA	"-1"	"2"	" 1"	"1"	" 1"	"6"	" 1"	0	" 1"	"1"	" 1"
157520102	14	" 1"	NA	"-1"	"2"	" 1"	"1"	" 1"	"6"	" 1"	0	" 1"	"1"	" 1"
159030101	16	" 1"	990	" 1"	"3"	" 1"	"1"	" 1"	"7"	" 1"	0	" 1"	"3"	" 1"
176380101	8	" 1"	11	" 1"	"2"	" 1"	"1"	" 1"	"7"	" 1"	0	" 1"	"1"	" 1"
188160101	4	" 1"	990	" 1"	"2"	" 1"	"2"	" 1"	"1"	" 1"	0	" 1"	"1"	" 1"
188160102	8	" 1"	990	" 1"	"2"	" 1"	"2"	" 1"	"1"	" 1"	0	" 1"	"1"	" 1"
188160103	7	" 1"	5	" 1"	"1"	" 1"	"1"	" 1"	"2"	" 1"	1	" 1"	"1"	" 1"
241210201	16	" 1"	60	" 1"	"1"	" 1"	"2"	" 1"	"1"	" 1"	20	" 1"	"3"	" 1"
241210202	14	" 1"	60	" 1"	"1"	" 1"	"2"	" 1"	"1"	" 1"	20	" 1"	"3"	" 1"
241210203	9	" 1"	60	" 1"	"1"	" 1"	"2"	" 1"	"1"	" 1"	20	" 1"	"3"	" 1"
241210204	9	" 1"	60	" 1"	"1"	" 1"	"2"	" 1"	"1"	" 1"	20	" 1"	"3"	" 1"
138670101	15	" 1"	10	" 1"	"4"	" 1"	"1"	" 1"	"3"	" 1"	3	" 1"	"3"	" 1"
139330101	13	" 1"	25	" 1"	"2"	" 1"	"1"	" 1"	"3"	" 1"	4	" 1"	"1"	" 1"
242110101	11	" 1"	20	" 1"	"1"	" 1"	"1"	" 1"	"4"	" 1"	15	" 1"	"3"	" 1"
242110201	9	" 1"	15	" 1"	"1"	" 1"	"1"	" 1"	"4"	" 1"	15	" 1"	"3"	" 1"
165900201	14	" 1"	30	" 1"	"2"	" 1"	"1"	" 1"	"3"	" 1"	0	" 1"	"1"	" 1"
242990101	16	" 1"	60	" 1"	"2"	" 1"	"1"	" 1"	"1"	" 1"	4	" 1"	"1"	" 1"
242990102	11	" 1"	60	" 1"	"2"	" 1"	"1"	" 1"	"1"	" 1"	4	" 1"	"1"	" 1"
139990201	10	" 1"	NA	"-1"	"2"	" 1"	"3"	" 1"	"7"	" 1"	0	" 1"	"1"	" 1"
139990202	12	" 1"	NA	"-1"	"2"	" 1"	"3"	" 1"	"7"	" 1"	0	" 1"	"1"	" 1"
142530101	13	" 1"	15	" 1"	"2"	" 1"	"1"	" 1"	"3"	" 1"	4	" 1"	"3"	" 1"
142850101	0	" 1"	5	" 1"	"1"	" 1"	"1"	" 1"	"3"	" 1"	3	" 1"	"3"	" 1"
226580101	16	" 1"	80	" 1"	"3"	" 1"	"1"	" 1"	"4"	" 1"	7	" 1"	"1"	" 1"
226720401	11	" 1"	45	" 1"	"3"	" 1"	"3"	" 1"	"4"	" 1"	4	" 1"	"1"	" 1"
226760101	6	" 1"	20	" 1"	"1"	" 1"	"1"	" 1"	"3"	" 1"	14	" 1"	"3"	" 1"
226800201	12	" 1"	5	" 1"	"2"	" 1"	"1"	" 1"	"3"	" 1"	8	" 1"	"1"	" 1"
226990201	1	" 1"	30	" 1"	"6"	" 1"	"1"	" 1"	"7"	" 1"	NA	"-1"	"1"	" 1"
173890201	17	" 1"	10	" 1"	"1"	" 1"	"1"	" 1"	"1"	" 1"	10	" 1"	"3"	" 1"
199470101	17	" 1"	1	" 1"	"1"	" 1"	"1"	" 1"	"1"	" 1"	10	" 1"	"1"	" 1"
199470102	14	" 1"	1	" 1"	"1"	" 1"	"1"	" 1"	"1"	" 1"	10	" 1"	"1"	" 1"
199610101	13	" 1"	2	" 1"	"3"	" 1"	"1"	" 1"	"6"	" 1"	30	" 1"	"1"	" 1"
199610102	10	" 1"	2	" 1"	"4"	" 1"	"1"	" 1"	"5"	" 1"	30	" 1"	"1"	" 1"
199930101	12	" 1"	50	" 1"	"1"	" 1"	"3"	" 1"	"4"	" 1"	4	" 1"	"3"	" 1"
199930102	10	" 1"	50	" 1"	"3"	" 1"	"3"	" 1"	"4"	" 1"	4	" 1"	"3"	" 1"
200200101	15	" 1"	800	" 1"	"2"	" 1"	"3"	" 1"	"7"	" 1"	0	" 1"	"4"	" 1"
200200102	14	" 1"	60	" 1"	"2"	" 1"	"3"	" 1"	"4"	" 1"	2	" 1"	"1"	" 1"
200200201	10	" 1"	800	" 1"	"1"	" 1"	"3"	" 1"	"7"	" 1"	0	" 1"	"1"	" 1"
200200401	4	" 1"	800	" 1"	"1"	" 1"	"3"	" 1"	"7"	" 1"	0	" 1"	"3"	" 1"
200310401	11	" 1"	20	" 1"	"2"	" 1"	"2"	" 1"	"4"	" 1"	0	" 1"	"1"	" 1"
200640101	12	" 1"	990	" 1"	"1"	" 1"	"3"	" 1"	"6"	" 1"	0	" 1"	"1"	" 1"
200650301	10	" 1"	NA	"-1"	"5"	" 1"	"3"	" 1"	"6"	" 1"	NA	"-1"	"1"	" 1"
201200101	17	" 1"	30	" 1"	"4"	" 1"	"3"	" 1"	"6"	" 1"	0	" 1"	"1"	" 1"
201470101	11	" 1"	240	" 1"	"2"	" 1"	"3"	" 1"	"1"	" 1"	0	" 1"	"1"	" 1"
201610101	17	" 1"	60	" 1"	"2"	" 1"	"2"	" 1"	"5"	" 1"	0	" 1"	"4"	" 1"
202060401	14	" 1"	NA	"-1"	"5"	" 1"	"3"	" 1"	"6"	" 1"	0	" 1"	"1"	" 1"
202420101	16	" 1"	20	" 1"	"1"	" 1"	"1"	" 1"	"1"	" 1"	4	" 1"	"1"	" 1"
202780201	5	" 1"	720	" 1"	"2"	" 1"	"1"	" 1"	"1"	" 1"	24	" 1"	"3"	" 1"
202790301	9	" 1"	NA	"-1"	"2"	" 1"	"3"	" 1"	"7"	" 1"	0	" 1"	"1"	" 1"
203130101	17	" 1"	10	" 1"	"1"	" 1"	"1"	" 1"	"3"	" 1"	6	" 1"	"1"	" 1"
203490101	8	" 1"	50	" 1"	"4"	" 1"	"1"	" 1"	"5"	" 1"	2	" 1"	"3"	" 1"
203620101	12	" 1"	8	" 1"	"1"	" 1"	"1"	" 1"	"1"	" 1"	8	" 1"	"3"	" 1"
203720101	17	" 1"	40	" 1"	"2"	" 1"	"1"	" 1"	"4"	" 1"	4	" 1"	"1"	" 1"
204090101	14	" 1"	15	" 1"	"2"	" 1"	"1"	" 1"	"1"	" 1"	15	" 1"	"3"	" 1"
204380101	12	" 1"	4	" 1"	"2"	" 1"	"1"	" 1"	"2"	" 1"	6	" 1"	"1"	" 1"
210500201	17	" 1"	5	" 1"	"1"	" 1"	"1"	" 1"	"3"	" 1"	3	" 1"	"1"	" 1"
210810101	16	" 1"	240	" 1"	"5"	" 1"	"1"	" 1"	"1"	" 1"	6	" 1"	"1"	" 1"
211900101	9	" 1"	10	" 1"	"1"	" 1"	"1"	" 1"	"2"	" 1"	8	" 1"	"3"	" 1"
214950101	16	" 1"	15	" 1"	"2"	" 1"	"3"	" 1"	"4"	" 1"	4	" 1"	"3"	" 1"
214950102	13	" 1"	990	" 1"	"4"	" 1"	"3"	" 1"	"7"	" 1"	0	" 1"	"3"	" 1"
214950103	8	" 1"	15	" 1"	"2"	" 1"	"3"	" 1"	"4"	" 1"	0	" 1"	"3"	" 1"
214950104	8	" 1"	990	" 1"	"4"	" 1"	"3"	" 1"	"7"	" 1"	0	" 1"	"3"	" 1"
215400101	15	" 1"	15	" 1"	"2"	" 1"	"1"	" 1"	"3"	" 1"	0	" 1"	"1"	" 1"
216290101	17	" 1"	NA	"-1"	"2"	" 1"	"1"	" 1"	" "	"-1"	NA	"-1"	"1"	" 1"
216290201	8	" 1"	NA	"-1"	"6"	" 1"	" "	"-1"	"5"	" 1"	NA	"-1"	"4"	" 1"
216290202	6	" 1"	NA	"-1"	"6"	" 1"	" "	"-1"	"5"	" 1"	NA	"-1"	"4"	" 1"
181450101	16	" 1"	NA	"-1"	"2"	" 1"	"3"	" 1"	"7"	" 1"	0	" 1"	"3"	" 1"
181450102	13	" 1"	NA	"-1"	"2"	" 1"	"3"	" 1"	"7"	" 1"	NA	"-1"	"3"	" 1"
134020101	5	" 1"	10	" 1"	"1"	" 1"	"1"	" 1"	"1"	" 1"	7	" 1"	"3"	" 1"
182690201	16	" 1"	15	" 1"	"4"	" 1"	"1"	" 1"	"5"	" 1"	0	" 1"	"3"	" 1"
190180101	17	" 1"	420	" 1"	"6"	" 1"	"2"	" 1"	"7"	" 1"	0	" 1"	"1"	" 1"
280101	15	" 1"	990	" 1"	"2"	" 1"	"1"	" 1"	"7"	" 1"	0	" 1"	"1"	" 1"
1470101	15	" 1"	40	" 1"	"1"	" 1"	"1"	" 1"	"4"	" 1"	4	" 1"	"1"	" 1"
1470102	6	" 1"	40	" 1"	"1"	" 1"	"1"	" 1"	"4"	" 1"	4	" 1"	"1"	" 1"
2100101	12	" 1"	10	" 1"	"1"	" 1"	"2"	" 1"	"1"	" 1"	0	" 1"	"1"	" 1"
2130201	14	" 1"	8	" 1"	"3"	" 1"	"1"	" 1"	"6"	" 1"	4	" 1"	"1"	" 1"
2130202	12	" 1"	8	" 1"	"3"	" 1"	"1"	" 1"	"4"	" 1"	4	" 1"	"1"	" 1"
2130203	9	" 1"	8	" 1"	"3"	" 1"	"1"	" 1"	"4"	" 1"	4	" 1"	"1"	" 1"
2450201	0	" 1"	15	" 1"	"1"	" 1"	"1"	" 1"	"2"	" 1"	7	" 1"	"3"	" 1"
2840201	15	" 1"	15	" 1"	"1"	" 1"	"1"	" 1"	"1"	" 1"	6	" 1"	"1"	" 1"
2940201	NA	"-1"	10	" 1"	"2"	" 1"	"1"	" 1"	"1"	" 1"	0	" 1"	"1"	" 1"
3100201	NA	"-1"	NA	"-1"	"4"	" 1"	" "	"-1"	"6"	" 1"	0	" 1"	"1"	" 1"
3210101	13	" 1"	420	" 1"	"5"	" 1"	"1"	" 1"	"1"	" 1"	0	" 1"	"3"	" 1"
3210501	13	" 1"	420	" 1"	"3"	" 1"	"3"	" 1"	"1"	" 1"	0	" 1"	"3"	" 1"
3210502	12	" 1"	420	" 1"	"3"	" 1"	"3"	" 1"	"6"	" 1"	0	" 1"	"3"	" 1"
3210503	7	" 1"	420	" 1"	"3"	" 1"	"3"	" 1"	"6"	" 1"	0	" 1"	"3"	" 1"
3210504	9	" 1"	420	" 1"	"3"	" 1"	"3"	" 1"	"6"	" 1"	0	" 1"	"3"	" 1"
3210201	13	" 1"	420	" 1"	"5"	" 1"	"1"	" 1"	"1"	" 1"	0	" 1"	"3"	" 1"
3660201	11	" 1"	NA	"-1"	"2"	" 1"	"3"	" 1"	"6"	" 1"	0	" 1"	"1"	" 1"
4000201	17	" 1"	75	" 1"	"1"	" 1"	"1"	" 1"	"4"	" 1"	2	" 1"	"1"	" 1"
4850101	15	" 1"	15	" 1"	"2"	" 1"	"1"	" 1"	"1"	" 1"	1	" 1"	"1"	" 1"
4860101	13	" 1"	NA	"-1"	"2"	" 1"	"1"	" 1"	"1"	" 1"	15	" 1"	"3"	" 1"
5560201	16	" 1"	NA	"-1"	"6"	" 1"	"2"	" 1"	"7"	" 1"	NA	"-1"	"4"	" 1"
6270101	10	" 1"	30	" 1"	"2"	" 1"	"1"	" 1"	"3"	" 1"	8	" 1"	"1"	" 1"
6800101	13	" 1"	15	" 1"	"4"	" 1"	"1"	" 1"	"5"	" 1"	3	" 1"	"1"	" 1"
6800102	15	" 1"	5	" 1"	"5"	" 1"	"1"	" 1"	"6"	" 1"	0	" 1"	"1"	" 1"
7080101	1	" 1"	20	" 1"	"2"	" 1"	"1"	" 1"	"3"	" 1"	8	" 1"	"1"	" 1"
7080102	1	" 1"	20	" 1"	"2"	" 1"	"1"	" 1"	"3"	" 1"	8	" 1"	"1"	" 1"
7570201	7	" 1"	10	" 1"	"2"	" 1"	"1"	" 1"	"3"	" 1"	15	" 1"	"1"	" 1"
10560101	NA	"-1"	NA	"-1"	"6"	" 1"	"3"	" 1"	"7"	" 1"	0	" 1"	"1"	" 1"
10560102	NA	"-1"	NA	"-1"	"6"	" 1"	"3"	" 1"	"7"	" 1"	0	" 1"	" "	"-1"
10920101	11	" 1"	500	" 1"	"2"	" 1"	"1"	" 1"	"6"	" 1"	0	" 1"	"1"	" 1"
12000101	11	" 1"	70	" 1"	"2"	" 1"	"1"	" 1"	"4"	" 1"	5	" 1"	"1"	" 1"
12910201	14	" 1"	45	" 1"	"2"	" 1"	"1"	" 1"	"4"	" 1"	4	" 1"	"1"	" 1"
12940101	17	" 1"	20	" 1"	"1"	" 1"	"1"	" 1"	"3"	" 1"	1	" 1"	"1"	" 1"
12990101	14	" 1"	20	" 1"	"1"	" 1"	"1"	" 1"	"4"	" 1"	4	" 1"	"1"	" 1"
12990102	14	" 1"	20	" 1"	"1"	" 1"	"1"	" 1"	"4"	" 1"	4	" 1"	"1"	" 1"
14180101	17	" 1"	6	" 1"	"1"	" 1"	"1"	" 1"	"1"	" 1"	NA	"-1"	"1"	" 1"
14180102	14	" 1"	6	" 1"	"1"	" 1"	"1"	" 1"	"1"	" 1"	NA	"-1"	"1"	" 1"
14180103	6	" 1"	6	" 1"	"1"	" 1"	"1"	" 1"	"1"	" 1"	NA	"-1"	"1"	" 1"
14740101	11	" 1"	30	" 1"	"1"	" 1"	"1"	" 1"	"3"	" 1"	15	" 1"	"1"	" 1"
14910301	15	" 1"	600	" 1"	"1"	" 1"	"3"	" 1"	"7"	" 1"	0	" 1"	"4"	" 1"
15610101	6	" 1"	30	" 1"	"1"	" 1"	"1"	" 1"	"1"	" 1"	4	" 1"	"1"	" 1"
15660101	13	" 1"	10	" 1"	"1"	" 1"	"1"	" 1"	"3"	" 1"	3	" 1"	"1"	" 1"
15790301	12	" 1"	10	" 1"	"2"	" 1"	"1"	" 1"	"3"	" 1"	15	" 1"	"1"	" 1"
16870101	16	" 1"	30	" 1"	"1"	" 1"	"1"	" 1"	"4"	" 1"	0	" 1"	"1"	" 1"
17450101	15	" 1"	300	" 1"	"3"	" 1"	"1"	" 1"	"1"	" 1"	NA	"-1"	"1"	" 1"
17450201	16	" 1"	300	" 1"	"2"	" 1"	"1"	" 1"	"1"	" 1"	NA	"-1"	"1"	" 1"
18610201	11	" 1"	20	" 1"	"1"	" 1"	"1"	" 1"	"3"	" 1"	7	" 1"	"3"	" 1"
20440201	10	" 1"	30	" 1"	"1"	" 1"	"1"	" 1"	"3"	" 1"	8	" 1"	"1"	" 1"
20590201	12	" 1"	12	" 1"	"2"	" 1"	"1"	" 1"	"1"	" 1"	8	" 1"	"1"	" 1"
20590202	10	" 1"	12	" 1"	"2"	" 1"	"1"	" 1"	"1"	" 1"	8	" 1"	"1"	" 1"
20880101	12	" 1"	10	" 1"	"2"	" 1"	"1"	" 1"	"3"	" 1"	15	" 1"	"3"	" 1"
20880102	1	" 1"	10	" 1"	"1"	" 1"	"1"	" 1"	"1"	" 1"	0	" 1"	"3"	" 1"
20920201	5	" 1"	NA	"-1"	"2"	" 1"	"2"	" 1"	"7"	" 1"	0	" 1"	"4"	" 1"
21120101	12	" 1"	105	" 1"	"2"	" 1"	"1"	" 1"	"1"	" 1"	4	" 1"	"1"	" 1"
21480201	13	" 1"	30	" 1"	"2"	" 1"	"1"	" 1"	"1"	" 1"	12	" 1"	"1"	" 1"
23650301	14	" 1"	10	" 1"	"1"	" 1"	"1"	" 1"	"1"	" 1"	NA	"-1"	"3"	" 1"
23650302	11	" 1"	10	" 1"	"1"	" 1"	"1"	" 1"	"1"	" 1"	NA	"-1"	"3"	" 1"
24930301	8	" 1"	10	" 1"	"3"	" 1"	"1"	" 1"	"1"	" 1"	14	" 1"	"1"	" 1"
26650101	13	" 1"	15	" 1"	"1"	" 1"	"1"	" 1"	"3"	" 1"	10	" 1"	"1"	" 1"
27980201	9	" 1"	5	" 1"	"1"	" 1"	"1"	" 1"	"2"	" 1"	18	" 1"	"3"	" 1"
28490301	12	" 1"	NA	"-1"	"1"	" 1"	"3"	" 1"	"7"	" 1"	0	" 1"	"4"	" 1"
28490302	9	" 1"	NA	"-1"	"1"	" 1"	"3"	" 1"	"7"	" 1"	NA	"-1"	"4"	" 1"
28650201	12	" 1"	1	" 1"	"1"	" 1"	"1"	" 1"	"4"	" 1"	4	" 1"	"1"	" 1"
28650202	10	" 1"	1	" 1"	"1"	" 1"	"1"	" 1"	"4"	" 1"	4	" 1"	"1"	" 1"
29150101	13	" 1"	780	" 1"	"6"	" 1"	"3"	" 1"	"7"	" 1"	0	" 1"	"1"	" 1"
29780501	11	" 1"	NA	"-1"	"1"	" 1"	"3"	" 1"	"1"	" 1"	15	" 1"	"3"	" 1"
29780502	8	" 1"	NA	"-1"	"1"	" 1"	"3"	" 1"	"1"	" 1"	15	" 1"	"3"	" 1"
30050401	10	" 1"	8	" 1"	"2"	" 1"	"2"	" 1"	"3"	" 1"	0	" 1"	"1"	" 1"
30120101	14	" 1"	45	" 1"	"2"	" 1"	"1"	" 1"	"4"	" 1"	10	" 1"	"3"	" 1"
30170101	11	" 1"	20	" 1"	"2"	" 1"	"1"	" 1"	"2"	" 1"	NA	"-1"	"3"	" 1"
31350101	7	" 1"	60	" 1"	"3"	" 1"	"1"	" 1"	"4"	" 1"	NA	"-1"	"3"	" 1"
31630201	5	" 1"	45	" 1"	"1"	" 1"	"3"	" 1"	"4"	" 1"	6	" 1"	"1"	" 1"
32700301	14	" 1"	NA	"-1"	"6"	" 1"	"3"	" 1"	"7"	" 1"	0	" 1"	"1"	" 1"
32700302	17	" 1"	NA	"-1"	"6"	" 1"	"3"	" 1"	"7"	" 1"	0	" 1"	"1"	" 1"
33170201	17	" 1"	60	" 1"	"2"	" 1"	"1"	" 1"	"5"	" 1"	1	" 1"	"3"	" 1"
34130301	13	" 1"	20	" 1"	"1"	" 1"	"1"	" 1"	"1"	" 1"	4	" 1"	"1"	" 1"
39240101	6	" 1"	75	" 1"	"2"	" 1"	"1"	" 1"	"1"	" 1"	14	" 1"	"3"	" 1"
39550101	11	" 1"	75	" 1"	"3"	" 1"	"1"	" 1"	"4"	" 1"	4	" 1"	"3"	" 1"
40370301	11	" 1"	130	" 1"	"3"	" 1"	"1"	" 1"	"5"	" 1"	4	" 1"	"1"	" 1"
40420201	15	" 1"	NA	"-1"	"1"	" 1"	"3"	" 1"	"6"	" 1"	NA	"-1"	"1"	" 1"
40680301	5	" 1"	660	" 1"	"2"	" 1"	"3"	" 1"	"1"	" 1"	0	" 1"	"1"	" 1"
41340101	11	" 1"	60	" 1"	"5"	" 1"	"1"	" 1"	"5"	" 1"	1	" 1"	"1"	" 1"
42910101	7	" 1"	30	" 1"	"1"	" 1"	"3"	" 1"	"2"	" 1"	0	" 1"	"3"	" 1"
43640101	16	" 1"	16	" 1"	"2"	" 1"	"1"	" 1"	"7"	" 1"	0	" 1"	"1"	" 1"
43640102	16	" 1"	5	" 1"	"5"	" 1"	"1"	" 1"	"6"	" 1"	1	" 1"	"1"	" 1"
44030101	5	" 1"	720	" 1"	"2"	" 1"	"1"	" 1"	"7"	" 1"	0	" 1"	"1"	" 1"
44030201	13	" 1"	120	" 1"	"1"	" 1"	"1"	" 1"	"5"	" 1"	0	" 1"	"3"	" 1"
44030202	16	" 1"	120	" 1"	"1"	" 1"	"1"	" 1"	"5"	" 1"	0	" 1"	"3"	" 1"
44030203	14	" 1"	120	" 1"	"1"	" 1"	"1"	" 1"	"5"	" 1"	0	" 1"	"3"	" 1"
44030301	13	" 1"	120	" 1"	"1"	" 1"	"1"	" 1"	"5"	" 1"	0	" 1"	"3"	" 1"
44030302	16	" 1"	120	" 1"	"1"	" 1"	"1"	" 1"	"5"	" 1"	0	" 1"	"3"	" 1"
44030303	13	" 1"	120	" 1"	"1"	" 1"	"1"	" 1"	"5"	" 1"	0	" 1"	"3"	" 1"
45330101	12	" 1"	20	" 1"	"1"	" 1"	"1"	" 1"	"3"	" 1"	6	" 1"	"1"	" 1"
46820101	17	" 1"	720	" 1"	"2"	" 1"	"1"	" 1"	"7"	" 1"	0	" 1"	"3"	" 1"
47050101	14	" 1"	990	" 1"	"1"	" 1"	"3"	" 1"	"7"	" 1"	0	" 1"	"3"	" 1"
47050201	14	" 1"	990	" 1"	"1"	" 1"	"3"	" 1"	"7"	" 1"	0	" 1"	"3"	" 1"
47590301	10	" 1"	15	" 1"	"2"	" 1"	"1"	" 1"	"1"	" 1"	4	" 1"	"1"	" 1"
47830101	16	" 1"	15	" 1"	"2"	" 1"	"3"	" 1"	"7"	" 1"	0	" 1"	"4"	" 1"
48490101	7	" 1"	30	" 1"	"1"	" 1"	"1"	" 1"	"1"	" 1"	4	" 1"	"1"	" 1"
49220101	16	" 1"	20	" 1"	"2"	" 1"	"1"	" 1"	"3"	" 1"	12	" 1"	"1"	" 1"
49690201	13	" 1"	45	" 1"	"1"	" 1"	"1"	" 1"	"4"	" 1"	0	" 1"	"3"	" 1"
49980101	16	" 1"	10	" 1"	"2"	" 1"	"1"	" 1"	"4"	" 1"	4	" 1"	"1"	" 1"
49980102	13	" 1"	10	" 1"	"2"	" 1"	"1"	" 1"	"4"	" 1"	4	" 1"	"1"	" 1"
50530201	5	" 1"	5	" 1"	"1"	" 1"	"1"	" 1"	"1"	" 1"	3	" 1"	"1"	" 1"
50690101	14	" 1"	60	" 1"	"2"	" 1"	"1"	" 1"	"1"	" 1"	0	" 1"	"1"	" 1"
50920201	11	" 1"	10	" 1"	"1"	" 1"	"1"	" 1"	"3"	" 1"	4	" 1"	"1"	" 1"
50920202	7	" 1"	10	" 1"	"1"	" 1"	"1"	" 1"	"3"	" 1"	4	" 1"	"1"	" 1"
50930101	17	" 1"	25	" 1"	"3"	" 1"	"1"	" 1"	"1"	" 1"	6	" 1"	"3"	" 1"
50930102	15	" 1"	25	" 1"	"3"	" 1"	"1"	" 1"	"1"	" 1"	6	" 1"	"3"	" 1"
51090101	17	" 1"	900	" 1"	"1"	" 1"	"1"	" 1"	"7"	" 1"	0	" 1"	"3"	" 1"
51090102	12	" 1"	900	" 1"	"1"	" 1"	"1"	" 1"	"7"	" 1"	0	" 1"	"3"	" 1"
52070101	11	" 1"	600	" 1"	"1"	" 1"	"1"	" 1"	"7"	" 1"	0	" 1"	"3"	" 1"
52070102	6	" 1"	600	" 1"	"1"	" 1"	"1"	" 1"	"7"	" 1"	0	" 1"	"3"	" 1"
52070103	8	" 1"	600	" 1"	"1"	" 1"	"1"	" 1"	"7"	" 1"	0	" 1"	"3"	" 1"
52840101	17	" 1"	15	" 1"	"2"	" 1"	"1"	" 1"	"3"	" 1"	10	" 1"	"1"	" 1"
52840102	13	" 1"	15	" 1"	"2"	" 1"	"1"	" 1"	"3"	" 1"	10	" 1"	"1"	" 1"
53270201	1	" 1"	10	" 1"	"5"	" 1"	"3"	" 1"	"5"	" 1"	0	" 1"	"1"	" 1"
54370201	10	" 1"	30	" 1"	"1"	" 1"	"1"	" 1"	"4"	" 1"	0	" 1"	"3"	" 1"
55050201	10	" 1"	10	" 1"	"6"	" 1"	"1"	" 1"	"4"	" 1"	0	" 1"	"1"	" 1"
57210301	2	" 1"	40	" 1"	"1"	" 1"	"1"	" 1"	"2"	" 1"	0	" 1"	"1"	" 1"
59300201	NA	"-1"	200	" 1"	"2"	" 1"	"1"	" 1"	"1"	" 1"	6	" 1"	"2"	" 1"
60010101	15	" 1"	15	" 1"	"2"	" 1"	"1"	" 1"	"3"	" 1"	3	" 1"	"3"	" 1"
60860301	16	" 1"	15	" 1"	"1"	" 1"	"1"	" 1"	"3"	" 1"	3	" 1"	"1"	" 1"
60890101	9	" 1"	15	" 1"	"2"	" 1"	"1"	" 1"	"5"	" 1"	1	" 1"	"1"	" 1"
62260101	7	" 1"	5	" 1"	"6"	" 1"	"3"	" 1"	"7"	" 1"	0	" 1"	"1"	" 1"
63810201	NA	"-1"	NA	"-1"	"1"	" 1"	"1"	" 1"	"1"	" 1"	NA	"-1"	"1"	" 1"
64190101	10	" 1"	NA	"-1"	"1"	" 1"	"1"	" 1"	"1"	" 1"	8	" 1"	"3"	" 1"
65130101	5	" 1"	720	" 1"	"6"	" 1"	"2"	" 1"	"7"	" 1"	0	" 1"	" "	"-1"
65130102	4	" 1"	720	" 1"	"6"	" 1"	"2"	" 1"	"7"	" 1"	0	" 1"	"3"	" 1"
66480101	NA	"-1"	NA	"-1"	"3"	" 1"	"1"	" 1"	"4"	" 1"	2	" 1"	"3"	" 1"
66630201	14	" 1"	5	" 1"	"3"	" 1"	"1"	" 1"	"1"	" 1"	0	" 1"	"1"	" 1"
67300301	4	" 1"	40	" 1"	"2"	" 1"	"1"	" 1"	"3"	" 1"	4	" 1"	"1"	" 1"
67300302	4	" 1"	40	" 1"	"2"	" 1"	"1"	" 1"	"3"	" 1"	4	" 1"	"1"	" 1"
67720101	15	" 1"	NA	"-1"	"1"	" 1"	"1"	" 1"	"2"	" 1"	0	" 1"	"4"	" 1"
67720201	15	" 1"	NA	"-1"	"1"	" 1"	"1"	" 1"	"2"	" 1"	0	" 1"	"4"	" 1"
68160101	12	" 1"	4	" 1"	"1"	" 1"	"1"	" 1"	"2"	" 1"	14	" 1"	"3"	" 1"
68160201	11	" 1"	NA	"-1"	"1"	" 1"	"3"	" 1"	"7"	" 1"	0	" 1"	"4"	" 1"
69060201	17	" 1"	10	" 1"	"2"	" 1"	"1"	" 1"	"1"	" 1"	1	" 1"	"1"	" 1"
70590401	9	" 1"	10	" 1"	"2"	" 1"	"3"	" 1"	"4"	" 1"	6	" 1"	"1"	" 1"
71150201	15	" 1"	NA	"-1"	"2"	" 1"	"3"	" 1"	" "	"-1"	NA	"-1"	"1"	" 1"
71150202	14	" 1"	NA	"-1"	"2"	" 1"	"3"	" 1"	" "	"-1"	NA	"-1"	"1"	" 1"
71410101	11	" 1"	30	" 1"	"1"	" 1"	"1"	" 1"	"5"	" 1"	1	" 1"	"1"	" 1"
71560101	15	" 1"	20	" 1"	"2"	" 1"	"1"	" 1"	"3"	" 1"	12	" 1"	"2"	" 1"
71570101	10	" 1"	5	" 1"	"2"	" 1"	"1"	" 1"	"4"	" 1"	4	" 1"	"1"	" 1"
71570102	15	" 1"	5	" 1"	"1"	" 1"	"1"	" 1"	"4"	" 1"	4	" 1"	"1"	" 1"
72380101	14	" 1"	60	" 1"	"2"	" 1"	"1"	" 1"	"3"	" 1"	10	" 1"	"2"	" 1"
72420201	4	" 1"	10	" 1"	"3"	" 1"	"2"	" 1"	"4"	" 1"	4	" 1"	"1"	" 1"
73210401	13	" 1"	990	" 1"	"1"	" 1"	"1"	" 1"	"7"	" 1"	0	" 1"	"3"	" 1"
73210501	12	" 1"	990	" 1"	"1"	" 1"	"1"	" 1"	"7"	" 1"	0	" 1"	"3"	" 1"
74660101	NA	"-1"	60	" 1"	"3"	" 1"	"1"	" 1"	"5"	" 1"	1	" 1"	"3"	" 1"
74830101	17	" 1"	60	" 1"	"4"	" 1"	"3"	" 1"	"2"	" 1"	0	" 1"	"3"	" 1"
74830102	9	" 1"	60	" 1"	"2"	" 1"	"1"	" 1"	"3"	" 1"	4	" 1"	"3"	" 1"
75030201	14	" 1"	10	" 1"	"2"	" 1"	"1"	" 1"	"7"	" 1"	0	" 1"	"1"	" 1"
76190201	8	" 1"	720	" 1"	"1"	" 1"	"1"	" 1"	"7"	" 1"	0	" 1"	"4"	" 1"
79260101	14	" 1"	NA	"-1"	"2"	" 1"	"3"	" 1"	"7"	" 1"	0	" 1"	"3"	" 1"
80120101	10	" 1"	30	" 1"	"3"	" 1"	"1"	" 1"	"5"	" 1"	15	" 1"	"3"	" 1"
80120102	6	" 1"	25	" 1"	"3"	" 1"	"1"	" 1"	"5"	" 1"	15	" 1"	"3"	" 1"
80510201	5	" 1"	10	" 1"	"3"	" 1"	"2"	" 1"	"4"	" 1"	4	" 1"	"1"	" 1"
80510202	5	" 1"	10	" 1"	"3"	" 1"	"2"	" 1"	"4"	" 1"	4	" 1"	"1"	" 1"
80590101	16	" 1"	NA	"-1"	"6"	" 1"	"1"	" 1"	"7"	" 1"	NA	"-1"	"1"	" 1"
80590102	17	" 1"	NA	"-1"	"6"	" 1"	"3"	" 1"	"7"	" 1"	NA	"-1"	"1"	" 1"
80730301	5	" 1"	5	" 1"	"2"	" 1"	"1"	" 1"	"3"	" 1"	NA	"-1"	"3"	" 1"
80730302	3	" 1"	5	" 1"	"2"	" 1"	"1"	" 1"	"3"	" 1"	NA	"-1"	"3"	" 1"
80820201	11	" 1"	5	" 1"	"1"	" 1"	"1"	" 1"	"2"	" 1"	10	" 1"	"1"	" 1"
81930201	11	" 1"	10	" 1"	"1"	" 1"	"3"	" 1"	"6"	" 1"	0	" 1"	"3"	" 1"
83660101	12	" 1"	25	" 1"	"1"	" 1"	"1"	" 1"	"3"	" 1"	2	" 1"	"1"	" 1"
83740101	9	" 1"	15	" 1"	"1"	" 1"	"2"	" 1"	"3"	" 1"	10	" 1"	"3"	" 1"
84560101	16	" 1"	10	" 1"	"2"	" 1"	"1"	" 1"	"2"	" 1"	7	" 1"	"1"	" 1"
85280101	11	" 1"	2	" 1"	"1"	" 1"	"1"	" 1"	"1"	" 1"	6	" 1"	"1"	" 1"
85510101	15	" 1"	15	" 1"	"3"	" 1"	"1"	" 1"	"4"	" 1"	4	" 1"	"1"	" 1"
85650301	10	" 1"	40	" 1"	"6"	" 1"	"1"	" 1"	"6"	" 1"	0	" 1"	"1"	" 1"
85950101	9	" 1"	14	" 1"	"2"	" 1"	"2"	" 1"	"7"	" 1"	0	" 1"	"1"	" 1"
85950102	14	" 1"	NA	"-1"	"6"	" 1"	"2"	" 1"	"7"	" 1"	0	" 1"	"1"	" 1"
86480101	6	" 1"	990	" 1"	"1"	" 1"	"1"	" 1"	"1"	" 1"	10	" 1"	"3"	" 1"
87420101	12	" 1"	NA	"-1"	"1"	" 1"	"1"	" 1"	"3"	" 1"	4	" 1"	"1"	" 1"
90390101	13	" 1"	30	" 1"	"1"	" 1"	"1"	" 1"	"4"	" 1"	15	" 1"	"3"	" 1"
90390102	8	" 1"	20	" 1"	"1"	" 1"	"1"	" 1"	"4"	" 1"	10	" 1"	"1"	" 1"
90660101	17	" 1"	90	" 1"	"2"	" 1"	"1"	" 1"	"4"	" 1"	4	" 1"	"1"	" 1"
90660102	16	" 1"	90	" 1"	"3"	" 1"	"1"	" 1"	"4"	" 1"	4	" 1"	"1"	" 1"
90720101	15	" 1"	NA	"-1"	"1"	" 1"	"1"	" 1"	" "	"-1"	NA	"-1"	" "	"-1"
90720102	5	" 1"	NA	"-1"	"1"	" 1"	"1"	" 1"	" "	"-1"	NA	"-1"	" "	"-1"
90720103	5	" 1"	NA	"-1"	"1"	" 1"	"1"	" 1"	" "	"-1"	NA	"-1"	" "	"-1"
90720104	9	" 1"	NA	"-1"	"1"	" 1"	"1"	" 1"	" "	"-1"	NA	"-1"	" "	"-1"
91160201	13	" 1"	10	" 1"	"1"	" 1"	"1"	" 1"	"4"	" 1"	6	" 1"	"3"	" 1"
91250101	9	" 1"	420	" 1"	"1"	" 1"	"1"	" 1"	"1"	" 1"	0	" 1"	"3"	" 1"
91520101	1	" 1"	NA	"-1"	"1"	" 1"	"1"	" 1"	"7"	" 1"	0	" 1"	"3"	" 1"
91590101	14	" 1"	45	" 1"	"2"	" 1"	"1"	" 1"	"3"	" 1"	8	" 1"	"1"	" 1"
91680101	12	" 1"	15	" 1"	"2"	" 1"	"1"	" 1"	"4"	" 1"	0	" 1"	"1"	" 1"
92100201	17	" 1"	90	" 1"	"1"	" 1"	"1"	" 1"	"3"	" 1"	12	" 1"	"3"	" 1"
92330101	16	" 1"	20	" 1"	"2"	" 1"	"1"	" 1"	"3"	" 1"	4	" 1"	"1"	" 1"
92330102	12	" 1"	20	" 1"	"2"	" 1"	"1"	" 1"	"3"	" 1"	NA	"-1"	"1"	" 1"
92360201	NA	"-1"	NA	"-1"	"3"	" 1"	"1"	" 1"	"4"	" 1"	4	" 1"	"3"	" 1"
93150101	12	" 1"	20	" 1"	"2"	" 1"	"1"	" 1"	"2"	" 1"	15	" 1"	"3"	" 1"
93390101	17	" 1"	20	" 1"	"1"	" 1"	"1"	" 1"	"3"	" 1"	10	" 1"	"1"	" 1"
94280101	15	" 1"	30	" 1"	"1"	" 1"	"1"	" 1"	"3"	" 1"	10	" 1"	"1"	" 1"
94280201	16	" 1"	60	" 1"	"2"	" 1"	"1"	" 1"	"4"	" 1"	5	" 1"	"1"	" 1"
94380101	17	" 1"	90	" 1"	"6"	" 1"	"3"	" 1"	"7"	" 1"	0	" 1"	"1"	" 1"
94660101	15	" 1"	75	" 1"	"1"	" 1"	"1"	" 1"	"4"	" 1"	4	" 1"	"1"	" 1"
94900101	16	" 1"	5	" 1"	"1"	" 1"	"1"	" 1"	"4"	" 1"	1	" 1"	"2"	" 1"
96120201	7	" 1"	20	" 1"	"2"	" 1"	"3"	" 1"	"3"	" 1"	4	" 1"	"1"	" 1"
96340201	15	" 1"	NA	"-1"	"1"	" 1"	"1"	" 1"	"1"	" 1"	NA	"-1"	"1"	" 1"
96340202	12	" 1"	NA	"-1"	"1"	" 1"	"1"	" 1"	"1"	" 1"	NA	"-1"	"1"	" 1"
97040201	12	" 1"	22	" 1"	"1"	" 1"	"1"	" 1"	"1"	" 1"	12	" 1"	"1"	" 1"
97430201	9	" 1"	15	" 1"	"1"	" 1"	"1"	" 1"	"3"	" 1"	0	" 1"	"3"	" 1"
97490101	12	" 1"	15	" 1"	"1"	" 1"	"1"	" 1"	"3"	" 1"	4	" 1"	"1"	" 1"
97490102	14	" 1"	15	" 1"	"1"	" 1"	"1"	" 1"	"3"	" 1"	4	" 1"	"1"	" 1"
100520101	11	" 1"	70	" 1"	"2"	" 1"	"1"	" 1"	"3"	" 1"	5	" 1"	"1"	" 1"
102900101	11	" 1"	90	" 1"	"3"	" 1"	"1"	" 1"	"4"	" 1"	4	" 1"	"1"	" 1"
105230101	15	" 1"	20	" 1"	"2"	" 1"	"1"	" 1"	"1"	" 1"	4	" 1"	"3"	" 1"
105230102	12	" 1"	20	" 1"	"2"	" 1"	"1"	" 1"	"1"	" 1"	4	" 1"	"3"	" 1"
105400101	7	" 1"	30	" 1"	"2"	" 1"	"1"	" 1"	"1"	" 1"	4	" 1"	"1"	" 1"
105400102	14	" 1"	30	" 1"	"6"	" 1"	"3"	" 1"	"7"	" 1"	0	" 1"	"1"	" 1"
105900101	17	" 1"	540	" 1"	"6"	" 1"	"1"	" 1"	"7"	" 1"	0	" 1"	"3"	" 1"
107040301	NA	"-1"	NA	"-1"	"3"	" 1"	"3"	" 1"	"7"	" 1"	0	" 1"	"1"	" 1"
107040302	13	" 1"	NA	"-1"	"6"	" 1"	"3"	" 1"	"4"	" 1"	0	" 1"	"1"	" 1"
107040303	7	" 1"	NA	"-1"	"3"	" 1"	"3"	" 1"	"7"	" 1"	0	" 1"	"1"	" 1"
107970101	9	" 1"	5	" 1"	"2"	" 1"	"1"	" 1"	"1"	" 1"	15	" 1"	"1"	" 1"
109210101	14	" 1"	200	" 1"	"5"	" 1"	"2"	" 1"	"6"	" 1"	0	" 1"	"4"	" 1"
109210201	14	" 1"	200	" 1"	"5"	" 1"	"2"	" 1"	"6"	" 1"	0	" 1"	"4"	" 1"
109510101	11	" 1"	10	" 1"	"2"	" 1"	"1"	" 1"	"3"	" 1"	10	" 1"	"1"	" 1"
109510102	5	" 1"	10	" 1"	"2"	" 1"	"1"	" 1"	"3"	" 1"	10	" 1"	"1"	" 1"
110140101	11	" 1"	30	" 1"	"2"	" 1"	"1"	" 1"	"4"	" 1"	6	" 1"	"1"	" 1"
110400101	14	" 1"	120	" 1"	"2"	" 1"	"1"	" 1"	"3"	" 1"	0	" 1"	"4"	" 1"
110400102	13	" 1"	120	" 1"	"2"	" 1"	"1"	" 1"	"3"	" 1"	0	" 1"	"4"	" 1"
110400103	8	" 1"	120	" 1"	"2"	" 1"	"1"	" 1"	"3"	" 1"	0	" 1"	"4"	" 1"
110620101	10	" 1"	5	" 1"	"2"	" 1"	"3"	" 1"	"1"	" 1"	0	" 1"	"3"	" 1"
110620102	11	" 1"	5	" 1"	"2"	" 1"	"3"	" 1"	"1"	" 1"	0	" 1"	"3"	" 1"
111030101	15	" 1"	45	" 1"	"1"	" 1"	"1"	" 1"	"3"	" 1"	4	" 1"	"1"	" 1"
111030102	15	" 1"	45	" 1"	"1"	" 1"	"1"	" 1"	"3"	" 1"	4	" 1"	"1"	" 1"
112740101	11	" 1"	30	" 1"	"1"	" 1"	"1"	" 1"	"3"	" 1"	8	" 1"	"1"	" 1"
114950101	16	" 1"	30	" 1"	"2"	" 1"	"1"	" 1"	"3"	" 1"	15	" 1"	"3"	" 1"
114950102	13	" 1"	30	" 1"	"2"	" 1"	"1"	" 1"	"3"	" 1"	15	" 1"	"3"	" 1"
115770101	15	" 1"	10	" 1"	"2"	" 1"	"1"	" 1"	"4"	" 1"	0	" 1"	"3"	" 1"
116230101	8	" 1"	50	" 1"	"1"	" 1"	"3"	" 1"	"4"	" 1"	6	" 1"	"1"	" 1"
116780201	16	" 1"	5	" 1"	"3"	" 1"	"1"	" 1"	"1"	" 1"	15	" 1"	"3"	" 1"
117050201	17	" 1"	150	" 1"	"1"	" 1"	"1"	" 1"	"4"	" 1"	0	" 1"	"1"	" 1"
117710101	17	" 1"	NA	"-1"	"5"	" 1"	"3"	" 1"	"6"	" 1"	0	" 1"	"1"	" 1"
117710102	15	" 1"	NA	"-1"	"5"	" 1"	"3"	" 1"	"6"	" 1"	0	" 1"	"1"	" 1"
117950101	17	" 1"	240	" 1"	"1"	" 1"	"3"	" 1"	"6"	" 1"	0	" 1"	"1"	" 1"
118300101	17	" 1"	30	" 1"	"1"	" 1"	"1"	" 1"	"2"	" 1"	4	" 1"	"2"	" 1"
118420101	NA	"-1"	NA	"-1"	"3"	" 1"	"1"	" 1"	"6"	" 1"	NA	"-1"	" "	"-1"
119570201	9	" 1"	390	" 1"	"2"	" 1"	"1"	" 1"	"3"	" 1"	2	" 1"	"1"	" 1"
119950101	11	" 1"	420	" 1"	"6"	" 1"	"1"	" 1"	"7"	" 1"	0	" 1"	"1"	" 1"
120070101	6	" 1"	120	" 1"	"4"	" 1"	"2"	" 1"	"5"	" 1"	1	" 1"	"3"	" 1"
120830101	16	" 1"	240	" 1"	"2"	" 1"	"1"	" 1"	"7"	" 1"	0	" 1"	"1"	" 1"
122440101	11	" 1"	45	" 1"	"3"	" 1"	"1"	" 1"	"4"	" 1"	2	" 1"	"3"	" 1"
124050101	15	" 1"	1	" 1"	"2"	" 1"	"1"	" 1"	"1"	" 1"	0	" 1"	"3"	" 1"
124050102	9	" 1"	1	" 1"	"2"	" 1"	"1"	" 1"	"1"	" 1"	0	" 1"	"3"	" 1"
124110301	5	" 1"	25	" 1"	"2"	" 1"	"1"	" 1"	"2"	" 1"	4	" 1"	"3"	" 1"
124530401	2	" 1"	480	" 1"	"1"	" 1"	"1"	" 1"	"1"	" 1"	0	" 1"	"1"	" 1"
124840101	15	" 1"	15	" 1"	"2"	" 1"	"1"	" 1"	"4"	" 1"	15	" 1"	"1"	" 1"
125060301	12	" 1"	60	" 1"	"2"	" 1"	"2"	" 1"	"4"	" 1"	4	" 1"	"1"	" 1"
125190101	12	" 1"	120	" 1"	"1"	" 1"	"1"	" 1"	"1"	" 1"	6	" 1"	"1"	" 1"
125190102	5	" 1"	120	" 1"	"1"	" 1"	"1"	" 1"	"1"	" 1"	6	" 1"	"1"	" 1"
125290101	10	" 1"	80	" 1"	"2"	" 1"	"1"	" 1"	"1"	" 1"	5	" 1"	"1"	" 1"
125290102	8	" 1"	80	" 1"	"2"	" 1"	"1"	" 1"	"1"	" 1"	5	" 1"	"1"	" 1"
126230101	13	" 1"	5	" 1"	" "	"-1"	"1"	" 1"	"3"	" 1"	8	" 1"	"1"	" 1"
126230102	13	" 1"	5	" 1"	" "	"-1"	"1"	" 1"	"3"	" 1"	8	" 1"	"1"	" 1"
127160101	14	" 1"	1	" 1"	"2"	" 1"	"1"	" 1"	"3"	" 1"	3	" 1"	"1"	" 1"
127300201	15	" 1"	45	" 1"	"2"	" 1"	"1"	" 1"	"1"	" 1"	4	" 1"	"1"	" 1"
127900101	11	" 1"	240	" 1"	"4"	" 1"	"2"	" 1"	"6"	" 1"	0	" 1"	"1"	" 1"
127900601	13	" 1"	90	" 1"	"1"	" 1"	"2"	" 1"	"6"	" 1"	0	" 1"	"3"	" 1"
127900602	8	" 1"	90	" 1"	"1"	" 1"	"2"	" 1"	"6"	" 1"	0	" 1"	"3"	" 1"
127920401	14	" 1"	20	" 1"	"2"	" 1"	"1"	" 1"	"3"	" 1"	10	" 1"	"1"	" 1"
128040101	5	" 1"	90	" 1"	"1"	" 1"	"1"	" 1"	"3"	" 1"	0	" 1"	"3"	" 1"
128540101	10	" 1"	1	" 1"	"2"	" 1"	"1"	" 1"	"3"	" 1"	4	" 1"	"1"	" 1"
128540102	17	" 1"	1	" 1"	"2"	" 1"	"1"	" 1"	"4"	" 1"	0	" 1"	"1"	" 1"
129290101	14	" 1"	10	" 1"	"2"	" 1"	"1"	" 1"	"1"	" 1"	6	" 1"	"1"	" 1"
130000101	2	" 1"	120	" 1"	"1"	" 1"	"3"	" 1"	"1"	" 1"	4	" 1"	"3"	" 1"
130070101	15	" 1"	10	" 1"	"2"	" 1"	"1"	" 1"	"3"	" 1"	7	" 1"	"3"	" 1"
130070102	11	" 1"	10	" 1"	"3"	" 1"	"1"	" 1"	"3"	" 1"	7	" 1"	"3"	" 1"
130070201	15	" 1"	30	" 1"	"2"	" 1"	"1"	" 1"	"3"	" 1"	7	" 1"	"3"	" 1"
130070202	7	" 1"	30	" 1"	"2"	" 1"	"1"	" 1"	"3"	" 1"	7	" 1"	"3"	" 1"
130080101	NA	"-1"	2	" 1"	"1"	" 1"	"1"	" 1"	"1"	" 1"	12	" 1"	"3"	" 1"
130080102	NA	"-1"	2	" 1"	"1"	" 1"	"1"	" 1"	"1"	" 1"	12	" 1"	"3"	" 1"
130080103	NA	"-1"	2	" 1"	"2"	" 1"	"1"	" 1"	"1"	" 1"	12	" 1"	"3"	" 1"
131750101	17	" 1"	40	" 1"	"2"	" 1"	"1"	" 1"	"4"	" 1"	3	" 1"	"1"	" 1"
131840101	11	" 1"	240	" 1"	"1"	" 1"	"1"	" 1"	"5"	" 1"	2	" 1"	"1"	" 1"
132240101	9	" 1"	10	" 1"	"1"	" 1"	"1"	" 1"	"3"	" 1"	15	" 1"	"3"	" 1"
132260201	11	" 1"	15	" 1"	"1"	" 1"	"3"	" 1"	"4"	" 1"	7	" 1"	"3"	" 1"
133050101	4	" 1"	600	" 1"	"4"	" 1"	"3"	" 1"	"6"	" 1"	0	" 1"	"1"	" 1"
133050102	11	" 1"	10	" 1"	"5"	" 1"	"3"	" 1"	"6"	" 1"	0	" 1"	"1"	" 1"
133190201	11	" 1"	NA	"-1"	"5"	" 1"	"2"	" 1"	"7"	" 1"	0	" 1"	"1"	" 1"
